1,23S_511145_ECOLI,2061-2092;2226-2245;2436-2501
2,23S_511145_ECOLI,2246-2258;2427-2435
3,23S_511145_ECOLI,2502-2546;2567-2576;2053-2060
4,23S_511145_ECOLI,2043-2052;2577-2629
5,23S_511145_ECOLI,2547-2566
4a,23S_511145_ECOLI,1-11;2895-2903
6,23S_511145_ECOLI,527-529;2023-2042;12-16;520-526
7,23S_511145_ECOLI,2630-2645;2771-2790;2893-2894;2733-2770
8,23S_511145_ECOLI,530-531;563-578;2018-2022
9,23S_511145_ECOLI,579-586;672-698;762-775;794-809;1254-1270;1648-1678;1991-2017
10,23S_511145_ECOLI,727-761;699-704
11,23S_511145_ECOLI,1679-1681;1763-1772;1829-1834;1970-1990
12,23S_511145_ECOLI,1773-1798;1819-1828
13,23S_511145_ECOLI,776-793
14,23S_511145_ECOLI,810-821;946-973;1188-1213;1238-1253
15,23S_511145_ECOLI,1835-1855;1887-1905;1930-1969
16,23S_511145_ECOLI,822-845;931-945
6a,23S_511145_ECOLI,17-45;216-220;234-236;431-447;473-474;510-519
17,23S_511145_ECOLI,532-562
18,23S_511145_ECOLI,1214-1237
19,23S_511145_ECOLI,448-472
20,23S_511145_ECOLI,587-603;653-671
21,23S_511145_ECOLI,46-49;175-215
22,23S_511145_ECOLI,974-990;1186-1187
23,23S_511145_ECOLI,991-1004;1144-1185
24,23S_511145_ECOLI,237-270;369-370;424-430
25,23S_511145_ECOLI,1005-1025;1135-1143
26,23S_511145_ECOLI,371-423
27,23S_511145_ECOLI,2259-2282;2390-2426
28,23S_511145_ECOLI,1271-1299;1627-1647
29,23S_511145_ECOLI,1906-1929
30,23S_511145_ECOLI,2646-2732
31,23S_511145_ECOLI,1603-1607;1300-1340;1622-1626
15a,23S_511145_ECOLI,1856-1886
32,23S_511145_ECOLI,1026-1047;1108-1134
33,23S_511145_ECOLI,1608-1621
34,23S_511145_ECOLI,846-930
35,23S_511145_ECOLI,1598-1602;1341-1383
32a,23S_511145_ECOLI,1048-1056;1087-1107
12a,23S_511145_ECOLI,1799-1818
36,23S_511145_ECOLI,2283-2324;2337-2346;2383-2389
10a,23S_511145_ECOLI,705-726
37,23S_511145_ECOLI,1682-1706;1757-1762
38,23S_511145_ECOLI,1061-1086
39,23S_511145_ECOLI,2093-2110;2120-2126;2173-2225;2162-2172
40,23S_511145_ECOLI,2347-2382
41,23S_511145_ECOLI,50-70;114-120;149-174
42,23S_511145_ECOLI,221-233
43,23S_511145_ECOLI,2127-2161
44,23S_511145_ECOLI,2111-2119
45,23S_511145_ECOLI,604-626
46,23S_511145_ECOLI,2325-2336
47,23S_511145_ECOLI,1384-1415;1584-1597
48,23S_511145_ECOLI,475-509
49,23S_511145_ECOLI,1416-1428;1569-1583
50,23S_511145_ECOLI,2791-2831;2884-2892
51,23S_511145_ECOLI,1429-1466;1547-1568
52,23S_511145_ECOLI,271-298;321-368
53,23S_511145_ECOLI,121-148
54,23S_511145_ECOLI,627-652
55,23S_511145_ECOLI,299-320
56,23S_511145_ECOLI,1467-1546
57,23S_511145_ECOLI,1707-1756
58,23S_511145_ECOLI,2832-2883
59,23S_511145_ECOLI,71-113
